<?xml version="1.0" encoding="UTF-8"?>
<metadata xml:lang="en"><Esri><CreaDate>20181105</CreaDate><CreaTime>09045600</CreaTime><ArcGISFormat>1.0</ArcGISFormat><SyncOnce>TRUE</SyncOnce><DataProperties><lineage><Process Name="Repair Geometry" ToolSource="c:\program files (x86)\arcgis\desktop10.4\ArcToolbox\Toolboxes\Data Management Tools.tbx\RepairGeometry" Date="20180625" Time="133124">RepairGeometry "C:\Map\Final Master Data\SHP\DuplicatetoolSHP\SA_District_Municipality_region.shp" DELETE_NULL</Process><Process Name="Delete Identical" ToolSource="c:\program files (x86)\arcgis\desktop10.4\ArcToolbox\Toolboxes\Data Management Tools.tbx\DeleteIdentical" Date="20180625" Time="133128">DeleteIdentical "C:\Map\Final Master Data\SHP\DuplicatetoolSHP\SA_District_Municipality_region.shp" Shape # 0</Process></lineage></DataProperties></Esri></metadata>
